{
 "e1_protocol_probes_test_split": {
  "always_silent": {
   "ic_acc": 0.0,
   "mistake_p": 0.0,
   "mistake_r": 0.0,
   "mistake_f1": 0.0
  },
  "chatty_10s": {
   "ic_acc": 1.0,
   "mistake_p": 0.04816017316017316,
   "mistake_r": 1.0,
   "mistake_f1": 0.09189468249870936
  },
  "openloop_timer": {
   "ic_acc": 0.38683680322364,
   "mistake_p": 0.0,
   "mistake_r": 0.0,
   "mistake_f1": 0.0
  },
  "oracle": {
   "ic_acc": 1.0,
   "mistake_p": 1.0,
   "mistake_r": 1.0,
   "mistake_f1": 1.0
  },
  "oracle_jitter_5s": {
   "ic_acc": 0.9993284083277367,
   "mistake_p": 1.0,
   "mistake_r": 1.0,
   "mistake_f1": 1.0
  },
  "oracle_jitter_15s": {
   "ic_acc": 0.9858965748824715,
   "mistake_p": 0.9932584269662922,
   "mistake_r": 0.9932584269662922,
   "mistake_f1": 0.9932584269662922
  },
  "oracle_jitter_30s": {
   "ic_acc": 0.6044325050369376,
   "mistake_p": 0.5438202247191011,
   "mistake_r": 0.5438202247191011,
   "mistake_f1": 0.5438202247191011
  },
  "oracle_jitter_60s": {
   "ic_acc": 0.4640698455339154,
   "mistake_p": 0.3887640449438202,
   "mistake_r": 0.3887640449438202,
   "mistake_f1": 0.3887640449438202
  }
 },
 "e2_our_arms_activity8": {
  "detector_replay": {
   "ic_acc": 0.5135135135135135,
   "mistake_p": 0.4444444444444444,
   "mistake_r": 0.3076923076923077,
   "mistake_f1": 0.3636363636363637,
   "recordings": [
    "8_16",
    "8_25",
    "8_26",
    "8_3",
    "8_31",
    "8_50"
   ]
  },
  "detector_plus_escalation": {
   "ic_acc": 0.5135135135135135,
   "mistake_p": 0.18181818181818182,
   "mistake_r": 0.3076923076923077,
   "mistake_f1": 0.2285714285714286,
   "recordings": [
    "8_16",
    "8_25",
    "8_26",
    "8_3",
    "8_31",
    "8_50"
   ]
  },
  "periodic_vlm_qwen": {
   "ic_acc": 0.24324324324324326,
   "mistake_p": 0.0,
   "mistake_r": 0.0,
   "mistake_f1": 0.0,
   "recordings": [
    "8_16",
    "8_25",
    "8_26",
    "8_3",
    "8_31",
    "8_50"
   ]
  }
 },
 "e3_prego_graph_all_recordings": {
  "order_errors": {
   "p": 0.42869955156950673,
   "r": 0.6027742749054225,
   "f1": 0.5010482180293501,
   "tp": 478,
   "fp": 637,
   "fn": 315
  },
  "any_error": {
   "p": 0.6609865470852018,
   "r": 0.43842950624628196,
   "f1": 0.527181688125894,
   "tp": 737,
   "fp": 378,
   "fn": 944
  },
  "missing_steps": {
   "p": 0.9930555555555556,
   "r": 1.0,
   "f1": 0.9965156794425087,
   "tp": 286,
   "fp": 2,
   "fn": 0
  },
  "caught_by_tag": {
   "Preparation Error": "155/410",
   "Technique Error": "173/502",
   "Timing Error": "107/176",
   "Measurement Error": "97/331",
   "Order Error": "479/794",
   "Other": "4/8",
   "Temperature Error": "46/66",
   "Missing Step": "2/4"
  },
  "unmatched_descriptions": 2
 }
}